{
    "outputfolder": "data/sim/sample2/",
    "filename": "run2",
    "output_time": 83,
    "output_type": "text",
    "t_final": 10000,
    "popdynfreq": 51,
    "zaptime": 11000,
    "phi": 1,
    "R": 10,
    "Lx": 1600,
    "Ly": 800,
    "dt": 0.001,
    "dim": 2,
    "eps": 0.001,
    "N": 1000,
    "init_opt": "random_unif",
    "bc_opt": "periodic",
    "Ntracer": 100,
    "Nstem": 0,
    "btype": 0,
    "flag": 0,
    "type": 0,
    "poly": 0.3,
    "cutoff": 3,
    "ntypes": 1,
    "fade": 1,
    "pairstiff": [
        [
            10,
            10,
            10
        ],
        [
            10,
            70.93650817871094,
            70.93650817871094
        ],
        [
            10,
            70.93650817871094,
            70.93650817871094
        ]
    ],
    "pairatt": [
        [
            0,
            0,
            0
        ],
        [
            0,
            0.15,
            0.15
        ],
        [
            0,
            0.15,
            0.15
        ]
    ],
    "factive": [
        0,
        40.2645263671875,
        40.2645263671875
    ],
    "zeta": [
        0,
        1,
        1
    ],
    "tau": [
        0,
        3.310014486312866,
        3.310014486312866
    ],
    "deathrate": [
        0,
        0,
        0.005
    ],
    "divrate": [
        0.0,
        0.0,
        0.2
    ],
    "maxZ": 6
}